{
    "name": "03f142cd-722d-4df7-a666-fc0907492b3b",
    "id": "/providers/Microsoft.Flow/flows/03f142cd-722d-4df7-a666-fc0907492b3b",
    "type": "Microsoft.Flow/flows",
    "properties": {
        "apiId": "/providers/Microsoft.PowerApps/apis/shared_logicflows",
        "displayName": "Get Intune Devices",
        "definition": {
            "metadata": {
                "workflowEntityId": null,
                "creator": {
                    "id": "c6b4f809-dab1-4835-8c56-77fed0722ee4",
                    "type": "User",
                    "tenantId": "e142c480-672f-4195-bcf3-5878c67932ed"
                },
                "provisioningMethod": "FromDefinition",
                "failureAlertSubscription": true,
                "clientLastModifiedTime": "2020-07-10T11:23:53.877668Z"
            },
            "$schema": "https://schema.management.azure.com/providers/Microsoft.Logic/schemas/2016-06-01/workflowdefinition.json#",
            "contentVersion": "1.0.0.0",
            "parameters": {
                "$connections": {
                    "defaultValue": {},
                    "type": "Object"
                },
                "$authentication": {
                    "defaultValue": {},
                    "type": "SecureObject"
                }
            },
            "triggers": {
                "Recurrence": {
                    "recurrence": {
                        "frequency": "Day",
                        "interval": 1
                    },
                    "type": "Recurrence"
                }
            },
            "actions": {
                "HTTP": {
                    "runAfter": {},
                    "type": "Http",
                    "inputs": {
                        "method": "GET",
                        "uri": "https://graph.microsoft.com/beta/deviceManagement/deviceCompliancePolicies/getDevicesScheduledToRetire",
                        "authentication": {
                            "type": "ActiveDirectoryOAuth",
                            "tenant": "ADD TENANT ID",
                            "audience": "https://graph.microsoft.com",
                            "clientId": "ADD CLIENT ID",
                            "secret": "ADD SECRET"
                        }
                    }
                },
                "Parse_JSON": {
                    "runAfter": {
                        "HTTP": [
                            "Succeeded"
                        ]
                    },
                    "type": "ParseJson",
                    "inputs": {
                        "content": "@body('HTTP')",
                        "schema": {
                            "type": "object",
                            "properties": {
                                "@@odata.context": {
                                    "type": "string"
                                },
                                "value": {
                                    "type": "array",
                                    "items": {
                                        "type": "object",
                                        "properties": {
                                            "id": {
                                                "type": "string"
                                            },
                                            "complianceState": {
                                                "type": "string"
                                            },
                                            "managementAgent": {
                                                "type": "string"
                                            },
                                            "managedDeviceName": {
                                                "type": "string"
                                            },
                                            "managedDeviceId": {
                                                "type": "string"
                                            },
                                            "deviceType": {
                                                "type": "string"
                                            },
                                            "retireAfterDateTime": {
                                                "type": "string"
                                            },
                                            "ownerType": {
                                                "type": "string"
                                            },
                                            "deviceCompliancePolicyName": {
                                                "type": "string"
                                            },
                                            "deviceCompliancePolicyId": {
                                                "type": "string"
                                            },
                                            "roleScopeTagIds": {
                                                "type": "array",
                                                "items": {
                                                    "type": "string"
                                                }
                                            }
                                        },
                                        "required": [
                                            "id",
                                            "managedDeviceId",
                                            "managedDeviceName",
                                            "deviceType",
                                            "complianceState",
                                            "retireAfterDateTime",
                                            "managementAgent",
                                            "ownerType",
                                            "deviceCompliancePolicyName",
                                            "deviceCompliancePolicyId",
                                            "roleScopeTagIds"
                                        ]
                                    }
                                }
                            }
                        }
                    }
                },
                "Apply_to_each": {
                    "foreach": "@body('Parse_JSON')?['value']",
                    "actions": {
                        "Condition": {
                            "actions": {
                                "HTTP_2": {
                                    "runAfter": {},
                                    "type": "Http",
                                    "inputs": {
                                        "method": "POST",
                                        "uri": "https://prod-127.westeurope.logic.azure.com:443/workflows/371bf946b1b14d2cb847bb63c4283489/triggers/manual/paths/invoke?api-version=2016-06-01&sp=%2Ftriggers%2Fmanual%2Frun&sv=1.0&sig=cWCJ2ZHBEmCC1FaVsZ3n2l96aw_Rlk6kCjkFSxwbA2I",
                                        "body": {
                                            "deviceName": "@{items('Apply_to_each')?['managedDeviceName']}",
                                            "operatingSystem": "@{items('Apply_to_each')?['deviceType']}",
                                            "ownership": "@{items('Apply_to_each')?['ownerType']}",
                                            "compliancePolicy": "@{items('Apply_to_each')?['deviceCompliancePolicyName']}",
                                            "deviceID": "@{items('Apply_to_each')?['managedDeviceId']}"
                                        }
                                    }
                                }
                            },
                            "runAfter": {},
                            "expression": {
                                "and": [
                                    {
                                        "less": [
                                            "@formatDateTime(body('Get_item')['Title'])",
                                            "@items('Apply_to_each')?['retireAfterDateTime']"
                                        ]
                                    },
                                    {
                                        "greaterOrEquals": [
                                            "@items('Apply_to_each')?['retireAfterDateTime']",
                                            "@addDays(utcNow(),-2)"
                                        ]
                                    }
                                ]
                            },
                            "type": "If"
                        }
                    },
                    "runAfter": {
                        "Get_item": [
                            "Succeeded"
                        ]
                    },
                    "type": "Foreach"
                },
                "Get_item": {
                    "runAfter": {
                        "Parse_JSON": [
                            "Succeeded"
                        ]
                    },
                    "metadata": {
                        "flowSystemMetadata": {
                            "swaggerOperationId": "GetItem"
                        }
                    },
                    "type": "ApiConnection",
                    "inputs": {
                        "host": {
                            "connection": {
                                "name": "@parameters('$connections')['shared_sharepointonline']['connectionId']"
                            },
                            "api": {
                                "runtimeUrl": "https://europe-002.azure-apim.net/apim/sharepointonline"
                            }
                        },
                        "method": "get",
                        "path": "/datasets/@{encodeURIComponent(encodeURIComponent('https://company.sharepoint.com/sites/Test'))}/tables/@{encodeURIComponent(encodeURIComponent('280b5719-22d9-4ecc-8476-568d67d20c0a'))}/items/@{encodeURIComponent('1')}",
                        "authentication": "@parameters('$authentication')"
                    }
                },
                "Update_item": {
                    "runAfter": {
                        "Apply_to_each": [
                            "Succeeded"
                        ]
                    },
                    "metadata": {
                        "flowSystemMetadata": {
                            "swaggerOperationId": "PatchItem"
                        }
                    },
                    "type": "ApiConnection",
                    "inputs": {
                        "host": {
                            "connection": {
                                "name": "@parameters('$connections')['shared_sharepointonline']['connectionId']"
                            },
                            "api": {
                                "runtimeUrl": "https://europe-002.azure-apim.net/apim/sharepointonline"
                            }
                        },
                        "method": "patch",
                        "body": {
                            "Title": "@{utcNow()}"
                        },
                        "path": "/datasets/@{encodeURIComponent(encodeURIComponent('https://company.sharepoint.com/sites/Test'))}/tables/@{encodeURIComponent(encodeURIComponent('280b5719-22d9-4ecc-8476-568d67d20c0a'))}/items/@{encodeURIComponent('1')}",
                        "authentication": "@parameters('$authentication')"
                    }
                }
            }
        },
        "connectionReferences": {
            "shared_sharepointonline": {
                "connectionName": "shared-sharepointonl-44e3cdb0-91c9-4140-a447-3beda7d28d12",
                "source": "Embedded",
                "id": "/providers/Microsoft.PowerApps/apis/shared_sharepointonline",
                "tier": "NotSpecified"
            }
        },
        "flowFailureAlertSubscribed": false
    }
}