{
    "name": "d9110563-8084-4402-9f3b-ec2bc10f7152",
    "id": "/providers/Microsoft.Flow/flows/d9110563-8084-4402-9f3b-ec2bc10f7152",
    "type": "Microsoft.Flow/flows",
    "properties": {
        "apiId": "/providers/Microsoft.PowerApps/apis/shared_logicflows",
        "displayName": "Post Adaptive Card",
        "definition": {
            "metadata": {
                "workflowEntityId": null,
                "creator": {
                    "id": "c6b4f809-dab1-4835-8c56-77fed0722ee4",
                    "type": "User",
                    "tenantId": "e142c480-672f-4195-bcf3-5878c67932ed"
                },
                "provisioningMethod": "FromDefinition",
                "failureAlertSubscription": true,
                "clientLastModifiedTime": "2020-05-24T08:54:33.3513576Z"
            },
            "$schema": "https://schema.management.azure.com/providers/Microsoft.Logic/schemas/2016-06-01/workflowdefinition.json#",
            "contentVersion": "1.0.0.0",
            "parameters": {
                "$connections": {
                    "defaultValue": {},
                    "type": "Object"
                },
                "$authentication": {
                    "defaultValue": {},
                    "type": "SecureObject"
                }
            },
            "triggers": {
                "manual": {
                    "type": "Request",
                    "kind": "Http",
                    "inputs": {
                        "schema": {
                            "type": "object",
                            "properties": {
                                "deviceName": {
                                    "type": "string"
                                },
                                "operatingSystem": {
                                    "type": "string"
                                },
                                "ownership": {
                                    "type": "string"
                                },
                                "compliancePolicy": {
                                    "type": "string"
                                },
                                "deviceID": {
                                    "type": "string"
                                }
                            }
                        }
                    }
                }
            },
            "actions": {
                "PostToTeams": {
                    "runAfter": {},
                    "metadata": {
                        "flowSystemMetadata": {
                            "swaggerOperationId": "SubscribeChannelFlowContinuation"
                        }
                    },
                    "type": "ApiConnectionWebhook",
                    "inputs": {
                        "host": {
                            "connection": {
                                "name": "@parameters('$connections')['shared_teams']['connectionId']"
                            },
                            "api": {
                                "runtimeUrl": "https://europe-002.azure-apim.net/apim/teams"
                            }
                        },
                        "body": {
                            "notificationUrl": "@{listCallbackUrl()}",
                            "body": {
                                "recipient": {
                                    "channelId": "19:7255cfc21d6e49c3a3d1bb610513acf5@thread.skype"
                                },
                                "messageBody": "{\n    \"$schema\": \"http://adaptivecards.io/schemas/adaptive-card.json\",\n    \"type\": \"AdaptiveCard\",\n    \"version\": \"1.2\",\n    \"body\": [\n        {\n            \"type\": \"TextBlock\",\n            \"text\": \"MEM Non-Compliant Device Action\",\n            \"weight\": \"Bolder\",\n            \"size\": \"Medium\"\n        },\n        {\n            \"type\": \"TextBlock\",\n            \"text\": \"New non-compliant device. Please choose the desired action.\",\n            \"wrap\": true\n        },\n        {\n            \"type\": \"FactSet\",\n            \"facts\": [\n                {\n                    \"title\": \"Device Name:\",\n                    \"value\": \"@{triggerBody()?['deviceName']}\"\n                },\n                {\n                    \"title\": \"Device OS:\",\n                    \"value\": \"@{triggerBody()?['operatingSystem']}\"\n                },\n                {\n                    \"title\": \"Device Ownership:\",\n                    \"value\": \"@{triggerBody()?['ownership']}\"\n                },\n                {\n                    \"title\": \"Assigned Compliance Policy:\",\n                    \"value\": \"@{triggerBody()?['compliancePolicy']}\"\n                }\n            ]\n        }\n    ],\n    \"actions\": [\n        {\n            \"type\": \"Action.Submit\",\n            \"title\": \"Retire\",\n            \"data\": {\n                \"id\": \"Retire\"\n            }\n        },\n        {\n            \"type\": \"Action.Submit\",\n            \"title\": \"Clear Device state\",\n            \"data\": {\n                \"id\": \"clear\"\n            }\n        }\n    ]\n}",
                                "updateMessage": "The action will now be executed",
                                "shouldUpdateCard": true
                            }
                        },
                        "path": "/flowbot/actions/flowcontinuation/recipienttypes/channel/$subscriptions",
                        "queries": {
                            "groupId": "c4ece13f-1db2-46ff-87a6-cd9d78c0fe33"
                        },
                        "authentication": "@parameters('$authentication')"
                    }
                },
                "Switch": {
                    "runAfter": {
                        "PostToTeams": [
                            "Succeeded"
                        ]
                    },
                    "cases": {
                        "Case_2": {
                            "case": "Retire",
                            "actions": {
                                "Post_a_message_as_the_Flow_bot_to_a_channel": {
                                    "runAfter": {},
                                    "metadata": {
                                        "flowSystemMetadata": {
                                            "swaggerOperationId": "PostChannelNotification"
                                        }
                                    },
                                    "type": "ApiConnection",
                                    "inputs": {
                                        "host": {
                                            "connection": {
                                                "name": "@parameters('$connections')['shared_teams']['connectionId']"
                                            },
                                            "api": {
                                                "runtimeUrl": "https://europe-002.azure-apim.net/apim/teams"
                                            }
                                        },
                                        "method": "post",
                                        "body": {
                                            "recipient": {
                                                "channelId": "19:7255cfc21d6e49c3a3d1bb610513acf5@thread.skype"
                                            },
                                            "messageBody": "@{triggerBody()?['deviceName']} will be retired."
                                        },
                                        "path": "/flowbot/actions/notification/recipienttypes/channel",
                                        "queries": {
                                            "groupId": "c4ece13f-1db2-46ff-87a6-cd9d78c0fe33"
                                        },
                                        "authentication": "@parameters('$authentication')"
                                    }
                                },
                                "HTTP": {
                                    "runAfter": {
                                        "Post_a_message_as_the_Flow_bot_to_a_channel": [
                                            "Succeeded"
                                        ]
                                    },
                                    "type": "Http",
                                    "inputs": {
                                        "method": "POST",
                                        "uri": "https://graph.microsoft.com/beta/deviceManagement/deviceCompliancePolicies/setScheduledRetireState",
                                        "body": {
                                            "state": "comfirmRetire",
                                            "managedDeviceIds": [
                                                "@{triggerBody()?['deviceID']}"
                                            ]
                                        },
                                        "authentication": {
                                            "type": "ActiveDirectoryOAuth",
                                            "tenant": "AAD TENANTID",
                                            "audience": "https://graph.microsoft.com",
                                            "clientId": "ADD CLIENTID",
                                            "secret": "ADD SECRET"
                                        }
                                    }
                                }
                            }
                        },
                        "Case_3": {
                            "case": "Clear Device state",
                            "actions": {
                                "Post_a_message_as_the_Flow_bot_to_a_channel_3": {
                                    "runAfter": {},
                                    "metadata": {
                                        "flowSystemMetadata": {
                                            "swaggerOperationId": "PostChannelNotification"
                                        }
                                    },
                                    "type": "ApiConnection",
                                    "inputs": {
                                        "host": {
                                            "connection": {
                                                "name": "@parameters('$connections')['shared_teams']['connectionId']"
                                            },
                                            "api": {
                                                "runtimeUrl": "https://europe-002.azure-apim.net/apim/teams"
                                            }
                                        },
                                        "method": "post",
                                        "body": {
                                            "recipient": {
                                                "channelId": "19:7255cfc21d6e49c3a3d1bb610513acf5@thread.skype"
                                            },
                                            "messageBody": "The retire state for @{triggerBody()?['deviceName']} will be reset."
                                        },
                                        "path": "/flowbot/actions/notification/recipienttypes/channel",
                                        "queries": {
                                            "groupId": "c4ece13f-1db2-46ff-87a6-cd9d78c0fe33"
                                        },
                                        "authentication": "@parameters('$authentication')"
                                    }
                                },
                                "Cancel_Retire": {
                                    "runAfter": {
                                        "Post_a_message_as_the_Flow_bot_to_a_channel_3": [
                                            "Succeeded"
                                        ]
                                    },
                                    "type": "Http",
                                    "inputs": {
                                        "method": "POST",
                                        "uri": "https://graph.microsoft.com/beta/deviceManagement/deviceCompliancePolicies/setScheduledRetireState",
                                        "body": {
                                            "managedDeviceIds": [
                                                "@triggerBody()?['deviceID']"
                                            ],
                                            "state": "CancelRetire"
                                        },
                                        "authentication": {
                                            "type": "ActiveDirectoryOAuth",
                                            "tenant": "ADD TenantID",
                                            "audience": "https://graph.microsoft.com",
                                            "clientId": "AAD ClientID",
                                            "secret": "ADD SECRET"
                                        }
                                    }
                                }
                            }
                        }
                    },
                    "default": {
                        "actions": {}
                    },
                    "expression": "@Outputs('PostToTeams')['body']['submitActionId']",
                    "type": "Switch"
                }
            }
        },
        "connectionReferences": {
            "shared_teams": {
                "connectionName": "shared-teams-9dfde11f-a85c-47e7-9614-d33482a8155b",
                "source": "Embedded",
                "id": "/providers/Microsoft.PowerApps/apis/shared_teams",
                "tier": "NotSpecified"
            }
        },
        "flowFailureAlertSubscribed": false
    }
}